memes unah,Goku,1000,img/memes/meme_01.jpg,FF|FF:GG|GG:HH|HH:II|III:JJ|JJ
memes unah,Goku,1000,img/memes/meme_02.jpg,FF|FF:GG|GG:HH|HH:II|III:JJ|JJ
memes unah,Goku,1000,img/memes/meme_03.jpg,FF|FF:GG|GG:HH|HH:II|III:JJ|JJ
memes unah,Goku,1000,img/memes/meme_04.jpg,FF|FF:GG|GG:HH|HH:II|III:JJ|JJ
memes unah,Goku,1000,img/memes/meme_05.jpg,FF|FF:GG|GG:HH|HH:II|III:JJ|JJ
memes unah,Goku,1000,img/memes/meme_06.jpg,FF|FF:GG|GG:HH|HH:II|III:JJ|JJ
memes unah,Goku,1000,img/memes/meme_07.jpg,FF|FF:GG|GG:HH|HH:II|III:JJ|JJ
memes unah,Goku,1000,img/memes/meme_08.jpg,FF|FF:GG|GG:HH|HH:II|III:JJ|JJ
memes unah,Goku,1000,img/memes/meme_09.jpg,FF|FF:GG|GG:HH|HH:II|III:JJ|JJ
memes unah,Goku,1000,img/memes/meme_10.jpg,FF|FF:GG|GG:HH|HH:II|III:JJ|JJ
